region,date,daily_cases,daily_fatalities
England,30/01/2020,1,1
England,31/01/2020,0,0
England,01/02/2020,0,0
England,02/02/2020,1,1
England,03/02/2020,18,0
England,04/02/2020,0,0
England,05/02/2020,1,0
England,06/02/2020,0,0
England,07/02/2020,0,0
England,08/02/2020,3,0
England,09/02/2020,1,0
England,10/02/2020,1,0
England,11/02/2020,4,0
England,12/02/2020,1,0
England,13/02/2020,1,0
England,14/02/2020,0,0
England,15/02/2020,0,0
England,16/02/2020,0,0
England,17/02/2020,1,0
England,18/02/2020,0,0
England,19/02/2020,0,0
England,20/02/2020,0,0
England,21/02/2020,2,0
England,22/02/2020,0,1
England,23/02/2020,6,0
England,24/02/2020,2,0
England,25/02/2020,3,0
England,26/02/2020,1,0
England,27/02/2020,7,0
England,28/02/2020,11,0
England,29/02/2020,4,0
England,01/03/2020,18,0
England,02/03/2020,40,1
England,03/03/2020,53,0
England,04/03/2020,49,1
England,05/03/2020,46,2
England,06/03/2020,74,2
England,07/03/2020,55,0
England,08/03/2020,50,2
England,09/03/2020,127,5
England,10/03/2020,229,3
England,11/03/2020,358,7
England,12/03/2020,421,11
England,13/03/2020,401,16
England,14/03/2020,315,19
England,15/03/2020,398,28
England,16/03/2020,552,44
England,17/03/2020,683,54
England,18/03/2020,910,66
England,19/03/2020,932,71
England,20/03/2020,1096,109
England,21/03/2020,1040,126
England,22/03/2020,1212,172
England,23/03/2020,2010,188
England,24/03/2020,2041,237
England,25/03/2020,2284,299
England,26/03/2020,2633,370
England,27/03/2020,2673,416
England,28/03/2020,2379,449
England,29/03/2020,2449,531
England,30/03/2020,3514,631
England,31/03/2020,3816,741
England,01/04/2020,4150,826
England,02/04/2020,4097,892
England,03/04/2020,4102,927
England,04/04/2020,3405,1023
England,05/04/2020,3094,1063
England,06/04/2020,4407,1025
England,07/04/2020,4605,1145
England,08/04/2020,4315,1286
England,09/04/2020,4076,1177
England,10/04/2020,3590,1163
England,11/04/2020,3085,1203
England,12/04/2020,2958,1208
England,13/04/2020,3463,1076
England,14/04/2020,3568,1080
England,15/04/2020,4240,1100
England,16/04/2020,4360,1147
England,17/04/2020,4088,1107
England,18/04/2020,4142,1030
England,19/04/2020,3494,967
England,20/04/2020,3698,992
England,21/04/2020,3996,916
England,22/04/2020,4812,939
England,23/04/2020,4574,893
England,24/04/2020,4352,874
England,25/04/2020,3381,771
England,26/04/2020,3137,763
England,27/04/2020,4056,724
England,28/04/2020,4113,701
England,29/04/2020,4737,699
England,30/04/2020,4314,660
England,01/05/2020,4109,661
England,02/05/2020,2762,590
England,03/05/2020,2648,556
England,04/05/2020,2851,562
England,05/05/2020,3148,537
England,06/05/2020,3264,524
England,07/05/2020,3205,535
England,08/05/2020,2622,482
England,09/05/2020,1797,463
England,10/05/2020,2013,423
England,11/05/2020,3088,355
England,12/05/2020,2940,380
England,13/05/2020,2899,373
England,14/05/2020,2222,373
England,15/05/2020,2145,359
England,16/05/2020,1781,351
England,17/05/2020,1593,316
England,18/05/2020,2226,344
England,19/05/2020,2602,316
England,20/05/2020,2359,303
England,21/05/2020,2277,286
England,22/05/2020,1798,256
England,23/05/2020,1309,255
England,24/05/2020,1206,234
England,25/05/2020,1389,240
England,26/05/2020,1461,260
England,27/05/2020,1616,233
England,28/05/2020,1575,241
England,29/05/2020,1374,216
England,30/05/2020,1010,188
England,31/05/2020,984,175
England,01/06/2020,1319,179
England,02/06/2020,1365,204
England,03/06/2020,1251,179
England,04/06/2020,1147,163
England,05/06/2020,1020,160
England,06/06/2020,723,129
England,07/06/2020,668,137
England,08/06/2020,990,142
England,09/06/2020,1066,127
England,10/06/2020,1086,142
England,11/06/2020,915,108
England,12/06/2020,938,122
England,13/06/2020,785,85
England,14/06/2020,752,119
England,15/06/2020,944,92
England,16/06/2020,996,103
England,17/06/2020,914,91
England,18/06/2020,938,79
England,19/06/2020,818,76
England,20/06/2020,626,76
England,21/06/2020,550,67
England,22/06/2020,821,74
England,23/06/2020,726,89
England,24/06/2020,732,93
England,25/06/2020,643,97
England,26/06/2020,640,70
England,27/06/2020,506,61
England,28/06/2020,413,62
England,29/06/2020,666,63
England,30/06/2020,578,71
England,01/07/2020,607,44
England,02/07/2020,561,55
England,03/07/2020,536,45
England,04/07/2020,385,46
England,05/07/2020,544,44
England,06/07/2020,664,48
England,07/07/2020,565,41
England,08/07/2020,682,44
England,09/07/2020,688,56
England,10/07/2020,524,42
England,11/07/2020,432,33
England,12/07/2020,351,29
England,13/07/2020,694,42
England,14/07/2020,661,38
England,15/07/2020,726,39
England,16/07/2020,644,18
England,17/07/2020,548,31
England,18/07/2020,473,28
England,19/07/2020,419,22
England,20/07/2020,769,29
England,21/07/2020,697,30
England,22/07/2020,764,34
England,23/07/2020,741,33
England,24/07/2020,720,17
England,25/07/2020,500,20
England,26/07/2020,518,28
England,27/07/2020,824,16
England,28/07/2020,796,20
England,29/07/2020,994,21
England,30/07/2020,879,14
England,31/07/2020,644,26
England,01/08/2020,508,16
England,02/08/2020,518,15
England,03/08/2020,963,19
England,04/08/2020,965,20
England,05/08/2020,973,7
England,06/08/2020,1005,17
England,07/08/2020,892,19
England,08/08/2020,648,18
England,09/08/2020,569,18
England,10/08/2020,1375,23
England,11/08/2020,1247,20
England,12/08/2020,1126,20
England,13/08/2020,1036,18
England,14/08/2020,1059,15
England,15/08/2020,656,21
England,16/08/2020,535,12
England,17/08/2020,1158,19
England,18/08/2020,955,11
England,19/08/2020,1106,10
England,20/08/2020,1254,16
England,21/08/2020,1031,9
England,22/08/2020,732,11
England,23/08/2020,704,16
England,24/08/2020,1156,8
England,25/08/2020,1085,19
England,26/08/2020,1181,15
England,27/08/2020,1356,11
England,28/08/2020,1395,11
England,29/08/2020,1051,8
England,30/08/2020,987,8
England,31/08/2020,1279,16
England,01/09/2020,1962,9
England,02/09/2020,2696,13
England,03/09/2020,2716,6
England,04/09/2020,2637,14
England,05/09/2020,2200,12
England,06/09/2020,2079,13
England,07/09/2020,3530,20
England,08/09/2020,3071,15
England,09/09/2020,2893,10
England,10/09/2020,3143,15
England,11/09/2020,2893,15
England,12/09/2020,2224,21
England,13/09/2020,1722,18
England,14/09/2020,2941,17
England,15/09/2020,3057,22
England,16/09/2020,3778,25
England,17/09/2020,3979,34
England,18/09/2020,4290,25
England,19/09/2020,4215,22
England,20/09/2020,4652,34
England,21/09/2020,4727,26
England,22/09/2020,5400,32
England,23/09/2020,5934,52
England,24/09/2020,6361,33
England,25/09/2020,6105,35
England,26/09/2020,5704,43
England,27/09/2020,6084,49
England,28/09/2020,8641,47
England,29/09/2020,8832,42
England,30/09/2020,10663,53
England,01/10/2020,11444,56
England,02/10/2020,11719,69
England,03/10/2020,9820,56
England,04/10/2020,9966,55
England,05/10/2020,14218,54
England,06/10/2020,14458,69
England,07/10/2020,15418,88
England,08/10/2020,15452,80
England,09/10/2020,13158,82
England,10/10/2020,10301,87
England,11/10/2020,9781,106
England,12/10/2020,16420,94
England,13/10/2020,15660,94
England,14/10/2020,16644,104
England,15/10/2020,15428,124
England,16/10/2020,14761,125
England,17/10/2020,12488,168
England,18/10/2020,11982,124
England,19/10/2020,22369,155
England,20/10/2020,21638,177
England,21/10/2020,21762,196
England,22/10/2020,19866,186
England,23/10/2020,18359,183
England,24/10/2020,13713,174
England,25/10/2020,13353,207
England,26/10/2020,23033,218
England,27/10/2020,20762,226
England,28/10/2020,20548,228
England,29/10/2020,20256,253
England,30/10/2020,19899,284
England,31/10/2020,14565,277
England,01/11/2020,13611,283
England,02/11/2020,28394,279
England,03/11/2020,22690,304
England,04/11/2020,21053,283
England,05/11/2020,21206,300
England,06/11/2020,21179,339
England,07/11/2020,16888,348
England,08/11/2020,18272,347
England,09/11/2020,28562,404
England,10/11/2020,24836,329
England,11/11/2020,25064,317
England,12/11/2020,22320,357
England,13/11/2020,22009,352
England,14/11/2020,16290,367
England,15/11/2020,14430,375
England,16/11/2020,24147,362
England,17/11/2020,20675,378
England,18/11/2020,18545,444
England,19/11/2020,15797,407
England,20/11/2020,14960,407
England,21/11/2020,10806,413
England,22/11/2020,10216,420
England,23/11/2020,16472,429
England,24/11/2020,14267,423
England,25/11/2020,14153,436
England,26/11/2020,12458,380
England,27/11/2020,12459,387
England,28/11/2020,9348,389
England,29/11/2020,9067,423
England,30/11/2020,15228,385
England,01/12/2020,13732,359
England,02/12/2020,13661,348
England,03/12/2020,12762,410
England,04/12/2020,13065,420
England,05/12/2020,10302,345
England,06/12/2020,11036,363
England,07/12/2020,17662,379
England,08/12/2020,16937,398
England,09/12/2020,17744,381
England,10/12/2020,18850,407
England,11/12/2020,20177,424
England,12/12/2020,16268,411
England,13/12/2020,18409,410
England,14/12/2020,30019,422
England,15/12/2020,29652,408
England,16/12/2020,30649,386
England,17/12/2020,30160,463
England,18/12/2020,32426,478
England,19/12/2020,22195,457
England,20/12/2020,29556,455
England,21/12/2020,43446,506
England,22/12/2020,41741,539
England,23/12/2020,38382,519
England,24/12/2020,29287,503
England,25/12/2020,12926,558
England,26/12/2020,37462,593
England,27/12/2020,43250,612
England,28/12/2020,40845,615
England,29/12/2020,74058,614
England,30/12/2020,64243,655
England,31/12/2020,47824,701
England,01/01/2021,28879,689
England,02/01/2021,55428,726
England,03/01/2021,50664,684
England,04/01/2021,70920,790
England,05/01/2021,59601,856
England,06/01/2021,52752,882
England,07/01/2021,48132,918
England,08/01/2021,43494,922
England,09/01/2021,36420,976
England,10/01/2021,33749,1030
England,11/01/2021,53519,1076
England,12/01/2021,45968,1173
England,13/01/2021,42303,1161
England,14/01/2021,39660,1167
England,15/01/2021,37878,1162
England,16/01/2021,28413,1241
England,17/01/2021,26976,1229
England,18/01/2021,41936,1242
England,19/01/2021,37054,1328
England,20/01/2021,32678,1237
England,21/01/2021,29632,1204
England,22/01/2021,27741,1189
England,23/01/2021,20425,1148
England,24/01/2021,15883,1086
England,25/01/2021,27972,1150
England,26/01/2021,25209,1046
England,27/01/2021,23899,1108
England,28/01/2021,22523,1110
England,29/01/2021,20363,1008
England,30/01/2021,15524,924
England,31/01/2021,14138,899
England,01/02/2021,20764,893
England,02/02/2021,18193,854
England,03/02/2021,17948,872
England,04/02/2021,16717,735
England,05/02/2021,14461,771
England,06/02/2021,10951,686
England,07/02/2021,10458,665
England,08/02/2021,14370,702
England,09/02/2021,12696,628
England,10/02/2021,12272,629
England,11/02/2021,11637,590
England,12/02/2021,10986,546
England,13/02/2021,8025,512
England,14/02/2021,7781,520
England,15/02/2021,12953,549
England,16/02/2021,11268,501
England,17/02/2021,10419,438
England,18/02/2021,10303,454
England,19/02/2021,9246,390
England,20/02/2021,7161,388
England,21/02/2021,7033,355
England,22/02/2021,10279,325
England,23/02/2021,8536,336
England,24/02/2021,7620,317
England,25/02/2021,6933,308
England,26/02/2021,5883,262
England,27/02/2021,4254,265
England,28/02/2021,4112,257
England,01/03/2021,6215,254
England,02/03/2021,5950,210
England,03/03/2021,5305,188
England,04/03/2021,5011,204
England,05/03/2021,4728,203
England,06/03/2021,3832,178
England,07/03/2021,3677,175
England,08/03/2021,5818,165
England,09/03/2021,5488,160
England,10/03/2021,5222,136
England,11/03/2021,4848,152
England,12/03/2021,4767,117
England,13/03/2021,3592,123
England,14/03/2021,3707,115
England,15/03/2021,5643,122
England,16/03/2021,4933,94
England,17/03/2021,5047,104
England,18/03/2021,4689,85
England,19/03/2021,4333,82
England,20/03/2021,3514,89
England,21/03/2021,4679,109
England,22/03/2021,5400,89
England,23/03/2021,4566,83
England,24/03/2021,5321,58
England,25/03/2021,4674,68
England,26/03/2021,3803,61
England,27/03/2021,3136,55
England,28/03/2021,4477,43
England,29/03/2021,3422,58
England,30/03/2021,3135,50
England,31/03/2021,3340,64
England,01/04/2021,3067,54
England,02/04/2021,2248,38
England,03/04/2021,2121,34
England,04/04/2021,2042,51
England,05/04/2021,2314,35
England,06/04/2021,2756,37
England,07/04/2021,2752,38
England,08/04/2021,2651,52
England,09/04/2021,2482,32
England,10/04/2021,2009,36
England,11/04/2021,2020,34
England,12/04/2021,2399,36
England,13/04/2021,2060,37
England,14/04/2021,2068,26
England,15/04/2021,1959,37
England,16/04/2021,1963,28
England,17/04/2021,1398,36
England,18/04/2021,2281,27
England,19/04/2021,2268,17
England,20/04/2021,2112,30
England,21/04/2021,2298,26
England,22/04/2021,2032,28
England,23/04/2021,1701,23
England,24/04/2021,1300,19
England,25/04/2021,1897,22
England,26/04/2021,2267,19
England,27/04/2021,1809,23
England,28/04/2021,2153,19
England,29/04/2021,1901,15
England,30/04/2021,1528,16
England,01/05/2021,1211,14
England,02/05/2021,1305,16
England,03/05/2021,1806,17
England,04/05/2021,2200,14
England,05/05/2021,2203,20
England,06/05/2021,1967,14
England,07/05/2021,1657,16
England,08/05/2021,1301,17
England,09/05/2021,1985,11
England,10/05/2021,2325,7
England,11/05/2021,1872,19
England,12/05/2021,1869,13
England,13/05/2021,1737,10
England,14/05/2021,1540,9
England,15/05/2021,1306,13
England,16/05/2021,1587,10
England,17/05/2021,2341,11
England,18/05/2021,2241,9
England,19/05/2021,2261,3
England,20/05/2021,2000,6
England,21/05/2021,1872,16
England,22/05/2021,1606,3
England,23/05/2021,1918,14
England,24/05/2021,2750,13
England,25/05/2021,2797,8
England,26/05/2021,3179,12
England,27/05/2021,3075,8
England,28/05/2021,2929,12
England,29/05/2021,2462,9
England,30/05/2021,2598,8
England,31/05/2021,3170,10
England,01/06/2021,4515,9
England,02/06/2021,5039,10
England,03/06/2021,5131,14
England,04/06/2021,4886,13
England,05/06/2021,3964,5
England,06/06/2021,4730,12
England,07/06/2021,6791,5
England,08/06/2021,6627,13
England,09/06/2021,6919,14
England,10/06/2021,6718,16
England,11/06/2021,6510,11
England,12/06/2021,5422,11
England,13/06/2021,6075,9
England,14/06/2021,8941,12
England,15/06/2021,9153,15
England,16/06/2021,9411,15
England,17/06/2021,9523,7
England,18/06/2021,8770,14
England,19/06/2021,7127,17
England,20/06/2021,8203,20
England,21/06/2021,12707,12
England,22/06/2021,13563,13
England,23/06/2021,14806,6
England,24/06/2021,15084,23
England,25/06/2021,14901,21
England,26/06/2021,13486,10
England,27/06/2021,15407,20
England,28/06/2021,23511,13
England,29/06/2021,23250,21
England,30/06/2021,23941,23
England,01/07/2021,24267,25
England,02/07/2021,22287,26
England,03/07/2021,20638,27
England,04/07/2021,21806,24
England,05/07/2021,30215,21
England,06/07/2021,31626,22
England,07/07/2021,34274,28
England,08/07/2021,29929,30
England,09/07/2021,29050,43
England,10/07/2021,25411,34
England,11/07/2021,27418,28
England,12/07/2021,40477,34
England,13/07/2021,43247,40
England,14/07/2021,50320,38
England,15/07/2021,57583,45
England,16/07/2021,51138,44
England,17/07/2021,35281,49
England,18/07/2021,33164,60
England,19/07/2021,43401,76
England,20/07/2021,35947,54
England,21/07/2021,31676,48
England,22/07/2021,27711,74
England,23/07/2021,24586,68
England,24/07/2021,20275,60
England,25/07/2021,19657,62
England,26/07/2021,26541,70
England,27/07/2021,26026,61
England,28/07/2021,26926,70
England,29/07/2021,25361,73
England,30/07/2021,22109,90
England,31/07/2021,18450,73
England,01/08/2021,18714,74
England,02/08/2021,26580,76
England,03/08/2021,27062,70
England,04/08/2021,28895,79
England,05/08/2021,28126,89
England,06/08/2021,24851,85
England,07/08/2021,19957,90
England,08/08/2021,20157,67
England,09/08/2021,28292,74
England,10/08/2021,27610,73
England,11/08/2021,29135,78
England,12/08/2021,27689,91
England,13/08/2021,24992,81
England,14/08/2021,21336,86
England,15/08/2021,21280,75
England,16/08/2021,30861,78
England,17/08/2021,31095,89
England,18/08/2021,31426,89
England,19/08/2021,29075,99
England,20/08/2021,25555,108
England,21/08/2021,22605,97
England,22/08/2021,22409,110
England,23/08/2021,30333,97
England,24/08/2021,28211,104
England,25/08/2021,27901,86
England,26/08/2021,26482,108
England,27/08/2021,24253,114
England,28/08/2021,20137,105
England,29/08/2021,19152,114
England,30/08/2021,24973,93
England,31/08/2021,33565,102
England,01/09/2021,31600,102
England,02/09/2021,30636,105
England,03/09/2021,28730,124
England,04/09/2021,23409,119
England,05/09/2021,23457,122
England,06/09/2021,33135,129
England,07/09/2021,27938,129
England,08/09/2021,25659,116
England,09/09/2021,24440,137
England,10/09/2021,21031,111
England,11/09/2021,16956,109
England,12/09/2021,17879,102
England,13/09/2021,25199,78
England,14/09/2021,22641,126
England,15/09/2021,22414,122
England,16/09/2021,22320,118
England,17/09/2021,22377,130
England,18/09/2021,20927,102
England,19/09/2021,24790,102
England,20/09/2021,32121,116
England,21/09/2021,30547,99
England,22/09/2021,28788,114
England,23/09/2021,28340,109
England,24/09/2021,25754,100
England,25/09/2021,23388,89
England,26/09/2021,26814,76
England,27/09/2021,34595,84
England,28/09/2021,29628,88
England,29/09/2021,28689,93
England,30/09/2021,26807,95
England,01/10/2021,24134,102
England,02/10/2021,21873,73
England,03/10/2021,27138,78
England,04/10/2021,36475,84
England,05/10/2021,32269,96
England,06/10/2021,32547,79
England,07/10/2021,32156,95
England,08/10/2021,29848,95
England,09/10/2021,27180,94
England,10/10/2021,31499,82
England,11/10/2021,43115,97
England,12/10/2021,40892,96
England,13/10/2021,40547,99
England,14/10/2021,39262,114
England,15/10/2021,36631,108
England,16/10/2021,31638,105
England,17/10/2021,37501,109
England,18/10/2021,49257,97
England,19/10/2021,44630,109
England,20/10/2021,43963,116
England,21/10/2021,38581,115
England,22/10/2021,34506,115
England,23/10/2021,29748,131
England,24/10/2021,30091,120
England,25/10/2021,39958,123
England,26/10/2021,35276,132
England,27/10/2021,36523,140
England,28/10/2021,35077,157
England,29/10/2021,33995,132
England,30/10/2021,28243,124
England,31/10/2021,29564,151
England,01/11/2021,37663,146
England,02/11/2021,31328,132
England,03/11/2021,29396,135
England,04/11/2021,27379,131
England,05/11/2021,24405,131
England,06/11/2021,22581,135
England,07/11/2021,25447,123
England,08/11/2021,36138,128
England,09/11/2021,34679,131
England,10/11/2021,35390,129
England,11/11/2021,33700,128
England,12/11/2021,31337,107
England,13/11/2021,27358,117
England,14/11/2021,29599,108
England,15/11/2021,42477,136
England,16/11/2021,38655,134
England,17/11/2021,38257,95
England,18/11/2021,37099,106
England,19/11/2021,33184,107
England,20/11/2021,29869,105
England,21/11/2021,31761,98
England,22/11/2021,42870,100
England,23/11/2021,41013,119
England,24/11/2021,39881,105
England,25/11/2021,37143,112
England,26/11/2021,33666,102
England,27/11/2021,28459,97
England,28/11/2021,33857,104
England,29/11/2021,47939,117
England,30/11/2021,47632,109
England,01/12/2021,47263,107
England,02/12/2021,43045,94
England,03/12/2021,39222,123
England,04/12/2021,33380,129
England,05/12/2021,35037,95
England,06/12/2021,51121,111
England,07/12/2021,48146,99
England,08/12/2021,50057,111
England,09/12/2021,48817,107
England,10/12/2021,45018,98
England,11/12/2021,41940,86
England,12/12/2021,46366,121
England,13/12/2021,76507,95
England,14/12/2021,90718,124
England,15/12/2021,99654,99
England,16/12/2021,93804,98
England,17/12/2021,84965,114
England,18/12/2021,78929,92
England,19/12/2021,78496,102
England,20/12/2021,117576,111
England,21/12/2021,129598,92
England,22/12/2021,138140,123
England,23/12/2021,137019,124
England,24/12/2021,117561,104
England,25/12/2021,59912,97
England,26/12/2021,98918,101
England,27/12/2021,155567,115
England,28/12/2021,170584,136
England,29/12/2021,224031,107
England,30/12/2021,192825,156
England,31/12/2021,152887,133
England,01/01/2022,99303,152
England,02/01/2022,148609,143
England,03/01/2022,193617,153
England,04/01/2022,234874,158
England,05/01/2022,183797,161
England,06/01/2022,150786,185
England,07/01/2022,105082,206
England,08/01/2022,81222,188
England,09/01/2022,83082,200
England,10/01/2022,116343,202
England,11/01/2022,100980,202
England,12/01/2022,90000,200
England,13/01/2022,84131,191
England,14/01/2022,75175,203
England,15/01/2022,67820,211
England,16/01/2022,85599,211
England,17/01/2022,114776,197
England,18/01/2022,103308,202
England,19/01/2022,97335,180
England,20/01/2022,86952,167
England,21/01/2022,79174,213
England,22/01/2022,70483,195
England,23/01/2022,88560,181
England,24/01/2022,109232,204
England,25/01/2022,96955,156
England,26/01/2022,93211,175
England,27/01/2022,82727,179
England,28/01/2022,71682,163
England,29/01/2022,63024,160
England,30/01/2022,74980,169
England,31/01/2022,88501,178
England,01/02/2022,78512,170
England,02/02/2022,73908,164
England,03/02/2022,64035,163
England,04/02/2022,52557,144
England,05/02/2022,43233,152
England,06/02/2022,50148,132
England,07/02/2022,62672,124
England,08/02/2022,55437,135
England,09/02/2022,51013,118
England,10/02/2022,41331,106
England,11/02/2022,34944,121
England,12/02/2022,29142,127
England,13/02/2022,32326,110
England,14/02/2022,42491,131
England,15/02/2022,40146,103
England,16/02/2022,39446,110
England,17/02/2022,34168,104
England,18/02/2022,24923,102
England,19/02/2022,26429,98
England,20/02/2022,28411,106
England,21/02/2022,33034,94
England,22/02/2022,28020,92
England,23/02/2022,26009,91
England,24/02/2022,21882,95
England,25/02/2022,19533,90
England,26/02/2022,17604,81
England,27/02/2022,22165,92
England,28/02/2022,31865,82
England,01/03/2022,31864,82
England,02/03/2022,33361,108
England,03/03/2022,31532,83
England,04/03/2022,30605,86
England,05/03/2022,28509,81
England,06/03/2022,35914,64
England,07/03/2022,50982,91
England,08/03/2022,52343,100
England,09/03/2022,55491,88
England,10/03/2022,54296,91
England,11/03/2022,52269,97
England,12/03/2022,49161,101
England,13/03/2022,60271,81
England,14/03/2022,79516,115
England,15/03/2022,74101,100
England,16/03/2022,73951,107
England,17/03/2022,67687,105
England,18/03/2022,61903,122
England,19/03/2022,55211,121
England,20/03/2022,66907,128
England,21/03/2022,89907,122
England,22/03/2022,81844,123
England,23/03/2022,77600,122
England,24/03/2022,68604,119
England,25/03/2022,60256,138
England,26/03/2022,51777,129
England,27/03/2022,58000,127
England,28/03/2022,78909,136
England,29/03/2022,67439,155
England,30/03/2022,62751,150
England,31/03/2022,45879,153
England,01/04/2022,40342,163
England,02/04/2022,31609,170
England,03/04/2022,35606,155
England,04/04/2022,45139,143
England,05/04/2022,40393,161
England,06/04/2022,36891,164
England,07/04/2022,31745,188
England,08/04/2022,27391,196
England,09/04/2022,23013,148
England,10/04/2022,25641,160
England,11/04/2022,30597,159
England,12/04/2022,27382,161
England,13/04/2022,25507,184
England,14/04/2022,21434,161
England,15/04/2022,17306,145
England,16/04/2022,16091,140
England,17/04/2022,16262,135
England,18/04/2022,20566,146
England,19/04/2022,20595,130
England,20/04/2022,16973,137
England,21/04/2022,14520,134
England,22/04/2022,12526,128
England,23/04/2022,10573,124
England,24/04/2022,11866,106
England,25/04/2022,13404,106
England,26/04/2022,11293,95
England,27/04/2022,10120,117
England,28/04/2022,9056,110
England,29/04/2022,7992,81
England,30/04/2022,6863,92
England,01/05/2022,7719,102
England,02/05/2022,10343,92
England,03/05/2022,11155,84
England,04/05/2022,9783,79
England,05/05/2022,8592,72
England,06/05/2022,7518,90
England,07/05/2022,6354,83
England,08/05/2022,7664,74
England,09/05/2022,8876,73
England,10/05/2022,8154,87
England,11/05/2022,7264,58
England,12/05/2022,6376,55
England,13/05/2022,5795,66
England,14/05/2022,5139,54
England,15/05/2022,6730,61
England,16/05/2022,7884,52
England,17/05/2022,6831,55
England,18/05/2022,6392,38
England,19/05/2022,5781,27
England,20/05/2022,5049,55
England,21/05/2022,4243,36
England,22/05/2022,5151,44
England,23/05/2022,6248,52
England,24/05/2022,5593,39
England,25/05/2022,5189,26
England,26/05/2022,4819,40
England,27/05/2022,4494,39
England,28/05/2022,4153,31
England,29/05/2022,4687,24
England,30/05/2022,5928,42
England,31/05/2022,5734,42
England,01/06/2022,5711,23
England,02/06/2022,5081,38
England,03/06/2022,5581,22
England,04/06/2022,6278,33
England,05/06/2022,8351,23
England,06/06/2022,9798,38
England,07/06/2022,9484,27
England,08/06/2022,9951,32
England,09/06/2022,9589,18
England,10/06/2022,9153,31
England,11/06/2022,8468,27
England,12/06/2022,10718,34
England,13/06/2022,12954,28
England,14/06/2022,12660,27
England,15/06/2022,12387,39
England,16/06/2022,11915,41
England,17/06/2022,11640,36
England,18/06/2022,11634,35
England,19/06/2022,14524,36
England,20/06/2022,16918,41
England,21/06/2022,17531,39
England,22/06/2022,17764,57
England,23/06/2022,16699,44
England,24/06/2022,15626,37
England,25/06/2022,14478,57
England,26/06/2022,18039,57
England,27/06/2022,21896,45
England,28/06/2022,21869,49
England,29/06/2022,21720,66
England,30/06/2022,21513,53
England,01/07/2022,21067,62
England,02/07/2022,19587,67
England,03/07/2022,25172,53
England,04/07/2022,30388,72
England,05/07/2022,28117,83
England,06/07/2022,26741,89
England,07/07/2022,24048,84
England,08/07/2022,22173,85
England,09/07/2022,19353,91
England,10/07/2022,23045,87
England,11/07/2022,27197,100
England,12/07/2022,24376,120
England,13/07/2022,21637,110
England,14/07/2022,19340,101
England,15/07/2022,16625,91
England,16/07/2022,13676,100
England,17/07/2022,15702,134
England,18/07/2022,16918,99
England,19/07/2022,14865,193
England,20/07/2022,14534,172
England,21/07/2022,12790,103
England,22/07/2022,11177,88
England,23/07/2022,8909,101
England,24/07/2022,10214,106
England,25/07/2022,11927,93
England,26/07/2022,10482,95
England,27/07/2022,9435,99
England,28/07/2022,8339,105
England,29/07/2022,7584,101
England,30/07/2022,6612,65
England,31/07/2022,7671,80
England,01/08/2022,8814,75
England,02/08/2022,8165,86
England,03/08/2022,7419,99
England,04/08/2022,6524,71
England,05/08/2022,5859,69
England,06/08/2022,4851,56
England,07/08/2022,5897,87
England,08/08/2022,7226,81
England,09/08/2022,6462,75
England,10/08/2022,6003,64
England,11/08/2022,5445,86
England,12/08/2022,4781,96
England,13/08/2022,3978,77
England,14/08/2022,4781,68
England,15/08/2022,5606,70
England,16/08/2022,4845,61
England,17/08/2022,4421,50
England,18/08/2022,3989,53
England,19/08/2022,3492,53
England,20/08/2022,3059,66
England,21/08/2022,3547,50
England,22/08/2022,4575,57
England,23/08/2022,4076,64
England,24/08/2022,3913,41
England,25/08/2022,3263,41
England,26/08/2022,2997,34
England,27/08/2022,2606,53
England,28/08/2022,2882,54
England,29/08/2022,3936,44
England,30/08/2022,4473,35
England,31/08/2022,3975,57
England,01/09/2022,3759,35
England,02/09/2022,3238,42
England,03/09/2022,2971,40
England,04/09/2022,3759,36
England,05/09/2022,4385,31
England,06/09/2022,3940,28
England,07/09/2022,3749,49
England,08/09/2022,3250,38
England,09/09/2022,3103,30
England,10/09/2022,2861,35
England,11/09/2022,3890,19
England,12/09/2022,4757,33
England,13/09/2022,4601,47
England,14/09/2022,4453,38
England,15/09/2022,4200,40
England,16/09/2022,3728,30
England,17/09/2022,3188,31
England,18/09/2022,3943,31
England,19/09/2022,5701,41
England,20/09/2022,7205,44
England,21/09/2022,6943,30
England,22/09/2022,6295,45
England,23/09/2022,6012,43
England,24/09/2022,5311,39
England,25/09/2022,6738,32
England,26/09/2022,8050,52
England,27/09/2022,7651,58
England,28/09/2022,7805,55
England,29/09/2022,7352,53
England,30/09/2022,7097,48
England,01/10/2022,6564,61
England,02/10/2022,8623,55
England,03/10/2022,10881,69
England,04/10/2022,10247,80
England,05/10/2022,9548,85
England,06/10/2022,8821,82
England,07/10/2022,8335,86
England,08/10/2022,6582,82
England,09/10/2022,8014,84
England,10/10/2022,9836,80
England,11/10/2022,8780,104
England,12/10/2022,8124,113
England,13/10/2022,7564,101
England,14/10/2022,7341,105
England,15/10/2022,6005,92
England,16/10/2022,7257,98
England,17/10/2022,9302,103
England,18/10/2022,7668,90
England,19/10/2022,7042,87
England,20/10/2022,6075,109
England,21/10/2022,5759,94
England,22/10/2022,4527,99
England,23/10/2022,5012,86
England,24/10/2022,6146,94
England,25/10/2022,5179,97
England,26/10/2022,4924,82
England,27/10/2022,4372,96
England,28/10/2022,3916,75
England,29/10/2022,3227,82
England,30/10/2022,3827,89
England,31/10/2022,4633,64
England,01/11/2022,4091,68
England,02/11/2022,3599,67
England,03/11/2022,3261,70
England,04/11/2022,2761,79
England,05/11/2022,2374,63
England,06/11/2022,2917,48
England,07/11/2022,3878,64
England,08/11/2022,3380,58
England,09/11/2022,3184,52
England,10/11/2022,2806,46
England,11/11/2022,2564,56
England,12/11/2022,2171,37
England,13/11/2022,2646,49
England,14/11/2022,3494,56
England,15/11/2022,3160,58
England,16/11/2022,2933,43
England,17/11/2022,2703,48
England,18/11/2022,2501,52
England,19/11/2022,2207,46
England,20/11/2022,2613,55
England,21/11/2022,3549,44
England,22/11/2022,3452,43
England,23/11/2022,3241,48
England,24/11/2022,3006,43
England,25/11/2022,2637,39
England,26/11/2022,2304,35
England,27/11/2022,3152,45
England,28/11/2022,4237,49
England,29/11/2022,3972,39
England,30/11/2022,3608,37
England,01/12/2022,3214,48
England,02/12/2022,3276,42
England,03/12/2022,2481,47
England,04/12/2022,3409,30
England,05/12/2022,4848,54
England,06/12/2022,4760,59
England,07/12/2022,4641,53
England,08/12/2022,4093,57
England,09/12/2022,3826,54
England,10/12/2022,3287,60
England,11/12/2022,4226,58
England,12/12/2022,6358,56
England,13/12/2022,6485,61
England,14/12/2022,5962,81
England,15/12/2022,5549,43
England,16/12/2022,5525,72
England,17/12/2022,4275,76
England,18/12/2022,5214,89
England,19/12/2022,8242,96
England,20/12/2022,7839,98
England,21/12/2022,7044,87
England,22/12/2022,6240,83
England,23/12/2022,5226,103
England,24/12/2022,3778,117
England,25/12/2022,3383,106
England,26/12/2022,4501,104
England,27/12/2022,5980,114
England,28/12/2022,7610,110
England,29/12/2022,6955,100
England,30/12/2022,5526,131
England,31/12/2022,3891,129
England,01/01/2023,3339,111
England,02/01/2023,4636,108
England,03/01/2023,5739,114
England,04/01/2023,5013,117
England,05/01/2023,4170,115
England,06/01/2023,3415,88
England,07/01/2023,2416,99
England,08/01/2023,2501,103
England,09/01/2023,3213,109
England,10/01/2023,2803,87
England,11/01/2023,2373,77
England,12/01/2023,2205,103
England,13/01/2023,1905,83
England,14/01/2023,1329,86
England,15/01/2023,1673,87
England,16/01/2023,2309,93
England,17/01/2023,1989,73
England,18/01/2023,1901,74
England,19/01/2023,1809,71
England,20/01/2023,1699,66
England,21/01/2023,1400,65
England,22/01/2023,1748,69
England,23/01/2023,2384,59
England,24/01/2023,2552,71
England,25/01/2023,2423,54
England,26/01/2023,2337,63
England,27/01/2023,2270,68
England,28/01/2023,1803,62
England,29/01/2023,2250,65
England,30/01/2023,3270,56
England,31/01/2023,3281,56
England,01/02/2023,3214,61
England,02/02/2023,2956,69
England,03/02/2023,2752,58
England,04/02/2023,2225,52
England,05/02/2023,2616,65
England,06/02/2023,3621,49
England,07/02/2023,3396,60
England,08/02/2023,3335,63
England,09/02/2023,3045,49
England,10/02/2023,3051,69
England,11/02/2023,2398,57
England,12/02/2023,2920,56
England,13/02/2023,4551,46
England,14/02/2023,4357,71
England,15/02/2023,3894,56
England,16/02/2023,4005,68
England,17/02/2023,3780,71
England,18/02/2023,2907,65
England,19/02/2023,3436,52
England,20/02/2023,4554,68
England,21/02/2023,4326,56
England,22/02/2023,3856,78
England,23/02/2023,3474,68
England,24/02/2023,3112,72
England,25/02/2023,2529,66
England,26/02/2023,2901,77
England,27/02/2023,4319,70
England,28/02/2023,4152,71
England,01/03/2023,3973,63
England,02/03/2023,3567,90
England,03/03/2023,3420,65
England,04/03/2023,2573,84
England,05/03/2023,3155,83
England,06/03/2023,4580,80
England,07/03/2023,4457,79
England,08/03/2023,4318,80
England,09/03/2023,3963,78
England,10/03/2023,3592,77
England,11/03/2023,3084,81
England,12/03/2023,4029,84
England,13/03/2023,5285,86
England,14/03/2023,5073,82
England,15/03/2023,4372,91
England,16/03/2023,4350,85
England,17/03/2023,3718,95
England,18/03/2023,3109,83
England,19/03/2023,3683,78
England,20/03/2023,4729,74
England,21/03/2023,4747,102
England,22/03/2023,4326,86
England,23/03/2023,3969,91
England,24/03/2023,3745,94
England,25/03/2023,2747,94
England,26/03/2023,3156,70
England,27/03/2023,3926,85
England,28/03/2023,3595,95
England,29/03/2023,3438,78
England,30/03/2023,3051,88
England,31/03/2023,2510,62
England,01/04/2023,2083,60
England,02/04/2023,2249,61
England,03/04/2023,2459,79
England,04/04/2023,2185,83
England,05/04/2023,2237,51
England,06/04/2023,1967,89
England,07/04/2023,1599,76
England,08/04/2023,1531,59
England,09/04/2023,1643,56
England,10/04/2023,2135,67
England,11/04/2023,2282,57
England,12/04/2023,2056,63
England,13/04/2023,1880,75
England,14/04/2023,1553,63
England,15/04/2023,1272,60
England,16/04/2023,1788,58
England,17/04/2023,2060,52
England,18/04/2023,1803,54
England,19/04/2023,1703,64
England,20/04/2023,1488,54
England,21/04/2023,1343,74
England,22/04/2023,1191,45
England,23/04/2023,1433,54
England,24/04/2023,1708,41
England,25/04/2023,1605,45
England,26/04/2023,1569,51
England,27/04/2023,1514,42
England,28/04/2023,1369,40
England,29/04/2023,1211,41
England,30/04/2023,1240,34
England,01/05/2023,1651,45
England,02/05/2023,1778,44
England,03/05/2023,1527,44
England,04/05/2023,1479,42
England,05/05/2023,1198,39
England,06/05/2023,934,37
England,07/05/2023,1109,45
England,08/05/2023,1328,35
England,09/05/2023,1446,32
England,10/05/2023,1267,35
England,11/05/2023,1196,46
England,12/05/2023,946,41
England,13/05/2023,782,27
England,14/05/2023,1030,26
England,15/05/2023,1139,28
England,16/05/2023,1069,43
England,17/05/2023,991,47
England,18/05/2023,974,32
England,19/05/2023,882,42
England,20/05/2023,717,25
England,21/05/2023,881,24
England,22/05/2023,1095,35
England,23/05/2023,1041,30
England,24/05/2023,922,30
England,25/05/2023,821,21
England,26/05/2023,708,33
England,27/05/2023,567,31
England,28/05/2023,596,21
England,29/05/2023,746,22
England,30/05/2023,781,29
England,31/05/2023,813,20
England,01/06/2023,674,29
England,02/06/2023,578,20
England,03/06/2023,472,30
England,04/06/2023,615,24
England,05/06/2023,807,18
England,06/06/2023,756,21
England,07/06/2023,682,19
England,08/06/2023,578,22
England,09/06/2023,469,19
England,10/06/2023,382,20
England,11/06/2023,517,27
England,12/06/2023,585,25
England,13/06/2023,510,22
England,14/06/2023,464,22
England,15/06/2023,385,20
England,16/06/2023,341,19
England,17/06/2023,333,14
England,18/06/2023,350,14
England,19/06/2023,421,16
England,20/06/2023,396,18
England,21/06/2023,371,14
England,22/06/2023,347,9
England,23/06/2023,290,11
England,24/06/2023,259,11
England,25/06/2023,303,19
England,26/06/2023,308,10
England,27/06/2023,295,13
England,28/06/2023,298,5
England,29/06/2023,253,11
England,30/06/2023,236,17
England,01/07/2023,209,9
England,02/07/2023,264,12
England,03/07/2023,346,7
England,04/07/2023,309,8
England,05/07/2023,344,11
England,06/07/2023,316,12
England,07/07/2023,350,7
England,08/07/2023,309,5
England,09/07/2023,391,6
England,10/07/2023,457,10
England,11/07/2023,451,7
England,12/07/2023,419,6
England,13/07/2023,417,11
England,14/07/2023,340,3
England,15/07/2023,338,6
England,16/07/2023,384,7
England,17/07/2023,491,6
England,18/07/2023,517,8
England,19/07/2023,468,12
England,20/07/2023,497,3
England,21/07/2023,445,9
England,22/07/2023,412,5
England,23/07/2023,495,10
England,24/07/2023,630,7
England,25/07/2023,649,9
England,26/07/2023,621,14
England,27/07/2023,629,10
England,28/07/2023,625,14
England,29/07/2023,629,9
England,30/07/2023,753,6
England,31/07/2023,847,13
England,01/08/2023,846,16
England,02/08/2023,824,14
England,03/08/2023,807,10
England,04/08/2023,772,10
England,05/08/2023,681,15
England,06/08/2023,827,15
England,07/08/2023,1022,9
England,08/08/2023,1089,12
England,09/08/2023,1034,12
England,10/08/2023,990,30
England,11/08/2023,920,18
England,12/08/2023,854,26
England,13/08/2023,976,15
England,14/08/2023,1097,20
England,15/08/2023,1092,13
England,16/08/2023,1070,22
England,17/08/2023,1048,25
England,18/08/2023,991,23
England,19/08/2023,849,34
England,20/08/2023,964,24
England,21/08/2023,1181,24
England,22/08/2023,1177,23
England,23/08/2023,1095,19
England,24/08/2023,1098,24
England,25/08/2023,983,26
England,26/08/2023,857,19
England,27/08/2023,902,27
England,28/08/2023,1089,18
England,29/08/2023,1368,23
England,30/08/2023,1490,28
England,31/08/2023,1447,19
England,01/09/2023,1514,20
England,02/09/2023,1327,28
England,03/09/2023,1637,34
England,04/09/2023,1970,26
England,05/09/2023,1891,35
England,06/09/2023,1860,38
England,07/09/2023,1712,30
England,08/09/2023,1551,43
England,09/09/2023,1334,34
England,10/09/2023,1580,40
England,11/09/2023,1825,30
England,12/09/2023,1674,33
England,13/09/2023,1523,35
England,14/09/2023,1532,36
England,15/09/2023,1342,33
England,16/09/2023,1318,19
England,17/09/2023,1605,30
England,18/09/2023,1930,35
England,19/09/2023,1952,31
England,20/09/2023,1894,32
England,21/09/2023,1829,30
England,22/09/2023,1682,29
England,23/09/2023,1555,26
England,24/09/2023,2011,30
England,25/09/2023,2562,32
England,26/09/2023,2700,22
England,27/09/2023,2669,46
England,28/09/2023,2320,44
England,29/09/2023,2125,35
England,30/09/2023,1929,39
England,01/10/2023,2362,43
England,02/10/2023,2645,40
England,03/10/2023,2659,32
England,04/10/2023,2456,40
England,05/10/2023,2255,41
England,06/10/2023,2119,50
England,07/10/2023,1670,50
England,08/10/2023,2069,44
England,09/10/2023,2236,36
England,10/10/2023,2030,39
England,11/10/2023,1898,53
England,12/10/2023,1545,41
England,13/10/2023,1468,30
England,14/10/2023,1120,42
England,15/10/2023,1219,48
England,16/10/2023,1451,40
England,17/10/2023,1413,51
England,18/10/2023,1397,45
England,19/10/2023,1324,48
England,20/10/2023,1149,46
England,21/10/2023,871,43
England,22/10/2023,993,35
England,23/10/2023,1179,39
England,24/10/2023,1153,40
England,25/10/2023,1021,54
England,26/10/2023,1016,35
England,27/10/2023,934,49
England,28/10/2023,738,38
England,29/10/2023,848,59
England,30/10/2023,1013,41
England,31/10/2023,959,41
England,01/11/2023,882,46
England,02/11/2023,814,36
England,03/11/2023,737,44
England,04/11/2023,595,33
England,05/11/2023,685,47
England,06/11/2023,784,34
England,07/11/2023,818,31
England,08/11/2023,699,26
England,09/11/2023,499,44
England,10/11/2023,281,38
England,11/11/2023,297,28
England,12/11/2023,602,20
England,13/11/2023,747,25
England,14/11/2023,766,27
England,15/11/2023,629,20
England,16/11/2023,671,19
England,17/11/2023,515,24
England,18/11/2023,452,23
England,19/11/2023,557,24
England,20/11/2023,702,25
England,21/11/2023,595,21
England,22/11/2023,614,18
England,23/11/2023,567,27
England,24/11/2023,548,30
England,25/11/2023,429,25
England,26/11/2023,507,17
England,27/11/2023,696,25
England,28/11/2023,695,18
England,29/11/2023,737,27
England,30/11/2023,666,26
England,01/12/2023,559,29
England,02/12/2023,524,20
England,03/12/2023,707,24
England,04/12/2023,968,22
England,05/12/2023,969,28
England,06/12/2023,968,30
England,07/12/2023,836,25
England,08/12/2023,924,32
England,09/12/2023,804,22
England,10/12/2023,994,30
England,11/12/2023,1263,31
England,12/12/2023,1284,36
England,13/12/2023,1208,33
England,14/12/2023,1078,23
England,15/12/2023,1120,37
England,16/12/2023,907,33
England,17/12/2023,1229,28
England,18/12/2023,1593,24
England,19/12/2023,1468,33
England,20/12/2023,1430,38
England,21/12/2023,1386,33
England,22/12/2023,1223,28
England,23/12/2023,987,32
England,24/12/2023,1043,20
England,25/12/2023,864,24
England,26/12/2023,1182,27
England,27/12/2023,1454,12
England,28/12/2023,1491,15
England,29/12/2023,1397,5
England,30/12/2023,1161,40
England,31/12/2023,1169,45
England,01/01/2024,1080,49
England,02/01/2024,1395,46
England,03/01/2024,1272,40
England,04/01/2024,1107,35
England,05/01/2024,939,26
England,06/01/2024,790,26
England,07/01/2024,787,21
England,08/01/2024,974,21
England,09/01/2024,846,17
England,10/01/2024,877,6
England,11/01/2024,835,2
England,12/01/2024,778,0
England,13/01/2024,559,
England,14/01/2024,707,
England,15/01/2024,836,
England,16/01/2024,829,
England,17/01/2024,853,
England,18/01/2024,836,
England,19/01/2024,757,
England,20/01/2024,684,
England,21/01/2024,765,
England,22/01/2024,1073,
England,23/01/2024,980,
England,24/01/2024,897,
England,25/01/2024,893,
England,26/01/2024,694,
England,27/01/2024,524,
England,28/01/2024,610,
England,29/01/2024,811,
England,30/01/2024,758,
England,31/01/2024,719,
England,01/02/2024,641,
England,02/02/2024,539,
England,03/02/2024,485,
England,04/02/2024,519,
England,05/02/2024,678,
England,06/02/2024,600,
England,07/02/2024,543,
England,08/02/2024,482,
England,09/02/2024,449,
England,10/02/2024,359,
England,11/02/2024,368,
England,12/02/2024,432,
England,13/02/2024,412,
England,14/02/2024,394,
England,15/02/2024,323,
England,16/02/2024,366,
England,17/02/2024,241,
England,18/02/2024,213,
England,19/02/2024,257,
England,20/02/2024,255,
England,21/02/2024,276,
England,22/02/2024,249,
England,23/02/2024,218,
England,24/02/2024,182,
England,25/02/2024,139,
England,26/02/2024,184,
England,27/02/2024,206,
England,28/02/2024,154,
England,29/02/2024,194,
England,01/03/2024,197,
England,02/03/2024,150,
England,03/03/2024,136,
England,04/03/2024,222,
England,05/03/2024,215,
England,06/03/2024,193,
England,07/03/2024,228,
England,08/03/2024,170,
England,09/03/2024,135,
England,10/03/2024,163,
England,11/03/2024,237,
England,12/03/2024,221,
England,13/03/2024,268,
England,14/03/2024,232,
England,15/03/2024,225,
England,16/03/2024,130,
England,17/03/2024,138,
England,18/03/2024,223,
England,19/03/2024,230,
England,20/03/2024,167,
England,21/03/2024,174,
England,22/03/2024,195,
England,23/03/2024,127,
England,24/03/2024,152,
England,25/03/2024,195,
England,26/03/2024,185,
England,27/03/2024,187,
England,28/03/2024,203,
England,29/03/2024,167,
England,30/03/2024,130,
England,31/03/2024,146,
England,01/04/2024,183,
England,02/04/2024,252,
England,03/04/2024,207,
England,04/04/2024,200,
England,05/04/2024,203,
England,06/04/2024,144,
England,07/04/2024,154,
England,08/04/2024,217,
England,09/04/2024,186,
England,10/04/2024,162,
England,11/04/2024,185,
England,12/04/2024,217,
England,13/04/2024,139,
England,14/04/2024,141,
England,15/04/2024,216,
England,16/04/2024,192,
England,17/04/2024,224,
England,18/04/2024,236,
England,19/04/2024,210,
England,20/04/2024,144,
England,21/04/2024,171,
England,22/04/2024,263,
England,23/04/2024,274,
England,24/04/2024,294,
England,25/04/2024,282,
England,26/04/2024,276,
England,27/04/2024,198,
England,28/04/2024,182,
England,29/04/2024,342,
England,30/04/2024,375,
England,01/05/2024,398,
England,02/05/2024,361,
England,03/05/2024,411,
England,04/05/2024,278,
England,05/05/2024,279,
England,06/05/2024,343,
England,07/05/2024,412,
England,08/05/2024,386,
England,09/05/2024,426,
England,10/05/2024,361,
England,11/05/2024,261,
England,12/05/2024,229,
England,13/05/2024,335,
England,14/05/2024,335,
England,15/05/2024,340,
England,16/05/2024,353,
England,17/05/2024,313,
England,18/05/2024,196,
England,19/05/2024,222,
England,20/05/2024,323,
England,21/05/2024,289,
England,22/05/2024,282,
England,23/05/2024,254,
England,24/05/2024,266,
England,25/05/2024,169,
England,26/05/2024,194,
England,27/05/2024,215,
England,28/05/2024,298,
England,29/05/2024,274,
England,30/05/2024,294,
England,31/05/2024,309,
England,01/06/2024,190,
England,02/06/2024,199,
England,03/06/2024,332,
England,04/06/2024,311,
England,05/06/2024,330,
England,06/06/2024,270,
England,07/06/2024,297,
England,08/06/2024,247,
England,09/06/2024,271,
England,10/06/2024,350,
England,11/06/2024,366,
England,12/06/2024,362,
England,13/06/2024,405,
England,14/06/2024,404,
England,15/06/2024,324,
England,16/06/2024,347,
England,17/06/2024,467,
England,18/06/2024,514,
England,19/06/2024,542,
England,20/06/2024,475,
England,21/06/2024,505,
England,22/06/2024,415,
England,23/06/2024,376,
England,24/06/2024,506,
England,25/06/2024,547,
England,26/06/2024,567,
England,27/06/2024,546,
England,28/06/2024,390,
England,29/06/2024,313,
England,30/06/2024,317,
England,01/07/2024,471,
England,02/07/2024,438,
England,03/07/2024,464,
England,04/07/2024,479,
England,05/07/2024,502,
England,06/07/2024,354,
England,07/07/2024,365,
England,08/07/2024,609,
England,09/07/2024,593,
England,10/07/2024,617,
England,11/07/2024,527,
England,12/07/2024,517,
England,13/07/2024,463,
England,14/07/2024,411,
England,15/07/2024,611,
England,16/07/2024,607,
England,17/07/2024,580,
England,18/07/2024,606,
England,19/07/2024,627,
England,20/07/2024,427,
England,21/07/2024,409,
England,22/07/2024,578,
England,23/07/2024,557,
England,24/07/2024,537,
England,25/07/2024,491,
England,26/07/2024,506,
England,27/07/2024,334,
England,28/07/2024,339,
England,29/07/2024,444,
England,30/07/2024,462,
England,31/07/2024,479,
England,01/08/2024,435,
England,02/08/2024,385,
England,03/08/2024,275,
England,04/08/2024,263,
England,05/08/2024,393,
England,06/08/2024,330,
England,07/08/2024,301,
England,08/08/2024,274,
England,09/08/2024,284,
England,10/08/2024,199,
England,11/08/2024,206,
England,12/08/2024,288,
England,13/08/2024,275,
England,14/08/2024,276,
England,15/08/2024,262,
England,16/08/2024,238,
England,17/08/2024,158,
England,18/08/2024,160,
England,19/08/2024,244,
England,20/08/2024,202,
England,21/08/2024,218,
England,22/08/2024,247,
England,23/08/2024,219,
England,24/08/2024,201,
England,25/08/2024,162,
England,26/08/2024,230,
England,27/08/2024,248,
England,28/08/2024,273,
England,29/08/2024,252,
England,30/08/2024,240,
England,31/08/2024,195,
England,01/09/2024,171,
England,02/09/2024,276,
England,03/09/2024,270,
England,04/09/2024,238,
England,05/09/2024,260,
England,06/09/2024,258,
England,07/09/2024,200,
England,08/09/2024,188,
England,09/09/2024,271,
England,10/09/2024,282,
England,11/09/2024,265,
England,12/09/2024,249,
England,13/09/2024,260,
England,14/09/2024,252,
England,15/09/2024,266,
England,16/09/2024,448,
England,17/09/2024,428,
England,18/09/2024,418,
England,19/09/2024,402,
England,20/09/2024,390,
England,21/09/2024,311,
England,22/09/2024,374,
England,23/09/2024,496,
England,24/09/2024,472,
England,25/09/2024,429,
England,26/09/2024,470,
England,27/09/2024,406,
England,28/09/2024,317,
England,29/09/2024,281,
England,30/09/2024,465,
England,01/10/2024,501,
England,02/10/2024,547,
England,03/10/2024,502,
England,04/10/2024,498,
England,05/10/2024,378,
England,06/10/2024,406,
England,07/10/2024,629,
England,08/10/2024,587,
England,09/10/2024,549,
England,10/10/2024,550,
England,11/10/2024,428,
England,12/10/2024,327,
England,13/10/2024,335,
England,14/10/2024,483,
England,15/10/2024,481,
England,16/10/2024,564,
England,17/10/2024,572,
England,18/10/2024,457,
England,19/10/2024,346,
England,20/10/2024,321,
England,21/10/2024,467,
England,22/10/2024,414,
England,23/10/2024,382,
England,24/10/2024,398,
England,25/10/2024,368,
England,26/10/2024,238,
England,27/10/2024,242,
England,28/10/2024,323,
England,29/10/2024,297,
England,30/10/2024,307,
England,31/10/2024,268,
England,01/11/2024,239,
England,02/11/2024,171,
England,03/11/2024,165,
England,04/11/2024,260,
England,05/11/2024,227,
England,06/11/2024,211,
England,07/11/2024,210,
England,08/11/2024,221,
England,09/11/2024,157,
England,10/11/2024,149,
England,11/11/2024,164,
England,12/11/2024,179,
England,13/11/2024,186,
England,14/11/2024,159,
England,15/11/2024,174,
England,16/11/2024,122,
England,17/11/2024,114,
England,18/11/2024,189,
England,19/11/2024,216,
England,20/11/2024,185,
England,21/11/2024,147,
England,22/11/2024,144,
England,23/11/2024,154,
England,24/11/2024,108,
England,25/11/2024,155,
England,26/11/2024,121,
England,27/11/2024,33,